{"dax": {"RED": 58.53658318519592, "BLUE": 19.51219290494919, "GREEN": 21.95121943950653, "YELLOW": 5.853659601484651e-06}, "lug": {"RED": 22.22222238779068, "BLUE": 44.44444477558136, "GREEN": 33.33333432674408, "YELLOW": 4.444445522722162e-06}, "wif": {"RED": 23.076924681663513, "BLUE": 30.769231915473938, "GREEN": 46.153849363327026, "YELLOW": 4.615386117734488e-06}, "zup": {"RED": 1.666666982202969e-06, "BLUE": 1.111110314866437e-06, "GREEN": 1.2500009027860415e-06, "YELLOW": 100.0}, "fep": {"RED": 22.22221940755844, "BLUE": 44.44443881511688, "GREEN": 33.3333283662796, "YELLOW": 1.3333330173281865e-05}, "blicket": {"RED": 37.5, "BLUE": 24.99999850988388, "GREEN": 37.5, "YELLOW": 7.49999102822585e-06}, "kiki": {"RED": 27.906975150108337, "BLUE": 37.209299206733704, "GREEN": 34.88371968269348, "YELLOW": 5.581395967624303e-06}}